{
    "France": 0.6206896551724138,
    "Argentina": 0.7142857142857143,
    "Morocco": 0.4,
    "Croatia": 0.55,
    "Portugal": 0.4782608695652174,
    "England": 0.4583333333333333,
    "Brazil": 0.6296296296296297,
    "Netherlands": 0.7391304347826086,
    "Switzerland": 0.4210526315789473,
    "Spain": 0.5454545454545454,
    "Japan": 0.2777777777777778,
    "South Korea": 0.2352941176470588,
    "Senegal": 0.4285714285714285,
    "Poland": 0.3,
    "Australia": 0.2352941176470588,
    "United States": 0.2,
    "Cameroon": 0.1111111111111111,
    "Serbia": 0.2222222222222222,
    "Uruguay": 0.5789473684210527,
    "Ghana": 0.3333333333333333,
    "Germany": 0.7037037037037037,
    "Belgium": 0.7333333333333333,
    "Costa Rica": 0.2857142857142857,
    "Canada": 0.0,
    "Saudi Arabia": 0.2222222222222222,
    "Tunisia": 0.2222222222222222,
    "Denmark": 0.2,
    "Mexico": 0.3684210526315789,
    "Ecuador": 0.4,
    "Qatar": 0.0,
    "Wales": 0.0,
    "Iran": 0.1666666666666666,
    "Sweden": 0.4444444444444444,
    "Russia": 0.375,
    "Colombia": 0.6666666666666666,
    "Panama": 0.0,
    "Peru": 0.3333333333333333,
    "Iceland": 0.0,
    "Nigeria": 0.2,
    "Egypt": 0.0,
    "Algeria": 0.1428571428571428,
    "Greece": 0.2857142857142857,
    "Chile": 0.5,
    "Bosnia and Herzegovina": 0.3333333333333333,
    "Honduras": 0.0,
    "Italy": 0.5384615384615384,
    "Ivory Coast": 0.3333333333333333,
    "Paraguay": 0.375,
    "Slovakia": 0.25,
    "North Korea": 0.0,
    "New Zealand": 0.0,
    "Slovenia": 0.3333333333333333,
    "South Africa": 0.3333333333333333,
    "Ukraine": 0.6,
    "Togo": 0.0,
    "Czech Republic": 0.3333333333333333,
    "Serbia and Montenegro": 0.0,
    "Angola": 0.0,
    "Trinidad and Tobago": 0.0
}